url,name,abbr,
http://1088.email/,1088 Email Press,,
http://2425publishers.org/,2425 Publishers,,
http://www.5thpublisher.com/,The 5th Publisher,,
http://www.abcjournals.net/,ABC Journals,,
http://ampublisher.com/index.html,A M Publishers,,
http://www.abhinavjournal.com/,Abhinav,,
http://www.academeresearchjournals.org/,Academe Research Journals,,
http://academiapublishing.org/index.htm,Academia Publishing,,
http://academiaresearch.org/,Academia Research,,
http://www.academiascholarlyjournal.org/,Academia Scholarly Journals,ASJ,
http://www.aabri.com/,Academic and Business Research Institute,,
http://acascipub.com/,Academic and Scientific Publishing,,
http://ph.academicdirect.org/,Academic Direct Publishing House,,
http://www.academicjournals.org/,Academic Journals,,
http://www.acjar.org/index.html,Academic Journals and Research,ACJAR,
http://www.academicjournalsonline.co.in/,Academic Journals Online,AJO,
http://www.academicjournalsinc.com/,"Academic Journals, Inc.",,
http://www.akrpub.com/,Academic Knowledge and Research Publishing,,
http://www.academicoasis.org/,Academic Organization for Advancement of Strategic and International Studies,Academic OASIS,
http://www.acadpubl.eu/index.html,"Academic Publications, Ltd.",,
http://www.arseam.com/,"Academic Research in Science, Engineering, Art and Management",ARSEAM,
http://www.academicresearchjournals.org/index.htm,Academic Research Journals,,
http://acrpub.com/index.php,Academic Research Publishers,ARPUB,
http://www.arpapress.com/,Academic Research Publishing Agency,,
http://arpgweb.com/index.php,Academic Research Publishing Group,,
http://www.acadrp.org/,Academic Research Publishing House,,
http://academic-publishing-house.com/,Academic Scholars Publishing House,,
http://www.ijaponline.org/,Academic Sciences,,
http://www.academicstar.us/index.asp,Academic Star Publishing Company ,,
http://www.astarstore.us/,Academic Star Publishing Company [alt],,
http://academicwebpublishers.org/,Academic Web Publishers,AWP,
http://www.awer-center.org/journals.htm,Academic World Education & Research Center,,
http://ph.academicdirect.org/,AcademicDirect Publishing House,,
http://www.arcjournals.org/index.php,Academicians’ Research Center/ARC Journals,ARC,
http://academicsworld.org/,Academics World,,
http://aelsindia.com/,Academy for Environment and Life Sciences,,
http://www.academyjournals.net/,Academy Journals,,
http://www.abrmr.com/,Academy of Business & Retail Management,ABRM,
http://www.absronline.org/,Academy of Business & Scientific Research,ABSR,
http://www.academyirmbr.com/,Academy of International Research in Management and Business Realities,IRMBR,
http://akpinsight.webs.com/,Academy of Knowledge Process,,
http://www.scienceengineeringacademy.org/asesite/,Academy of Science and Engineering,ASE,
http://www.asss-web.com/,Academy of Science and Social Science,ASSS,
http://asaarjournals.com/,Academy of Scientific and Applied Research,ASAAR,
http://www.academypublish.org/,Academy Publish,,
http://www.accessinterjournals.org/,Access International Journals,,
http://www.accessjournals.org/,Access Journals,,
http://www.accesspublishers.org/,Access Publishers,,
http://www.ghrnet.org/,ACT Publishing,,
http://actascientifica.com/index.php,Acta Scientifica,,
http://www.adpublication.org/,AD Publication,,
http://adpublications.org/,AD Publications,,
http://www.ada-lovelace.co.uk/,Ada Lovelace Publications,,
http://aeirc-edu.com/,Advance Educational Institute & Research Centre,AEIRC,
http://advancejournals.org/,Advance Journals,,
http://www.aicit.org/publications.html,Advanced Institute of Convergence Information Technology,AICIT,
http://advancedjournals.org/index.htm,Advanced Journals,,
http://www.advancedresearchjournals.org/,Advanced Research Journals,,
http://adrpublications.in/,Advanced Research Publications,,
http://advancedscholarsjournals.org/,Advanced Scholars Journals,,
http://www.asetrc.org/,Advanced Science and Engineering Technology Institute,ASET,
http://advancedscienceresearchjournals.org/,Advanced Science Research Journals,,
http://atscience.org/,Advanced Technology & Science,ATScience,
http://aditisci.com/index.php,Advancement and Development in Technology International,Aditi,
http://www.ajournals.com/,Advancements in Science,,
http://www.adyanacademicpress.com/index.php,Adyan Academic Press,,
http://www.aensiweb.com/index.html,American-Eurasian Network for Scientific Information,AENSI,
http://afrrevjo.net/,African Research Review,AFRREV,
http://www.agialpress.com/,AgiAl Publishing House,,
http://agropub.com/index.html,Agropub,,
http://ainstin.com/,AINSTIN Knowledge Hub,,
http://airccse.org/index.php,AIRCC Publishing Corporation,,
http://www.aizeonpublishers.net/aboutus.html,Aizeon Publishers,,
http://albertscience.com/,Albert Science International Organization,,
http://www.alliedacademies.org/,Allied Academies,,
http://www.alliedjournals.com/,Allied Journals,,
http://ambitjournals.org/,Ambit Journals,,
http://www.amepc.org/,AME Publishing Company,,
http://aasrc.org/,American Academic & Scholarly Research Center,AASRC,
http://www.aascit.org/home/index,American Association for Science and Technology,AASCIT,
http://www.amjournals.org/,American Journal,,
http://aripd.org/,American Research Institute for Policy Development,,
http://www.arjonline.org/,American Research Journals,,
http://www.arepub.com/,American Research Publications,,
http://www.asraresearch.org/,American Scholarly Research Association,,
http://www.aspbs.com/,American Scientific Publishers,,
http://www.americanscientificresearchjournals.org/,American Scientific Research Journals,,
http://www.asrn.org/,American Society of Registered Nurses,,
http://www.as-se.org/,American Society of Science and Engineering,,
http://www.vkingpub.com/,American V-King Scientific Publishing,,
http://aessangli.in/,"Amoghsiddhi Education Society/AES/AES Journals in Engineering Technology, Management, and Sciences/AES E-JOURNALS",,
http://www.ejournal.aessangli.in/index.php,"Amoghsiddhi Education Society/AES/AES Journals in Engineering Technology, Management, and Sciences/AES E-JOURNALS [alt]",,
http://www.andrewjohnpublishing.org/open-access-publications.php,Andrew John Publishing Inc.,,
http://www.annexpublishers.com/,Annex Publishers,,
http://www.ansinet.com/,Asian Network for Scientific Information,ANSINET,
http://www.domainsmoon.com/,Antarctic Journals,,
http://aperito.org/index.php,Aperito Online Publishing,,
http://apexjournal.org/,Apex Journal,,
http://www.applied-science-innovations.com/,Applied Science Innovations,,
http://www.apst.co.in/,APST Publication,,
http://www.arabianjbmr.com/index.php,Arabian Group of Journals,AGJ,
http://puneresearch.com/home,Aradhya International Publication,,
https://www.arcjournals.org/,ARC Journals,,
http://www.aeph.in/,Archers & Elevators Publishing House,,
http://www.archyworld.com/,Archyworld,,
http://arpnjournals.com/,ARPN Journals,,
http://aspublishers.com/,AS Publishers,,
http://asdpub.com/,ASD Publisher,,
http://www.ashdin.com/,Ashdin Publishing,,
http://www.ashese.co.uk/,AshEse Visionary,,
http://www.apamr.org/,Asia-Pacific Association of Medical Research,,
http://apiar.org.au/,Asia Pacific Institute of Advanced Research,,
http://www.asianacademicresearch.org/index.html,Asian Academic Research Associates,,
http://www.aarpub.com/,Asian and American Research Publishing Group,,
http://www.aessweb.com/index.php,Asian Economic and Social Society,AESS,
http://www.asianonlinejournals.com/,Asian Online Journal Publishing Group,,
http://www.ajouronline.com/,Asian Online Journals,,
http://www.asianpharmaonline.org/,Asian Pharma Press,,
http://asianpubs.org/content/,Asian Publication Corporation,Asian Pub. Corp.,
http://www.aijsh.org/?task=index,Asian Research Consortium,,
http://www.asian-transactions.org/,Asian Transactions,,
http://www.aarf.asia/,Associated Asia Research Foundation,AARF,
http://www.asers.eu/asers-publishing/journals.html,"Association for Sustainable Education, Research and Science",ASERS,
http://www.theaceee.org/,Association of Computer Electronics and Electrical Engineers,ACEEE,
http://anahei.org/,Association of North America Higher Education International,ANAHEI,
http://asterpublications.org/,Aster Publications,,
http://astonjournals.com/,AstonJournals,,
http://www.athalgroup.com/Athal-Press-and-Media.aspx,Athal Press & Media,,
http://www.atharvapub.com/HomePage/,Atharva Scientific Publications,,
http://www.atiner.gr/,Athens Institute for Education and Research,ATINER,
http://www.atlas-publishing.org/index.php,"Atlas Publishing, LP",,
http://www.chesci.com/,Aufau Periodicals,AP,
http://austinpublishinggroup.org/,Austin Publishing Group,,
http://www.acrd.net.au/,Australasian Centre for Research and Development,ACRD,
http://www.aabss.org.au/,Australian Academy of Business and Social Sciences,,
http://aabl.com.au/,Australian Academy of Business Leadership,,
http://www.aiac.org.au/,Australian International Academic Centre Pty. Ltd.,,
http://www.ausinternationaljournals.com.au/,Australian International Research Consortium,Australian International Journals,
http://www.scie.org.au/,Australian Society for Commerce Industry & Engineering,SCIE,
http://www.aeuso.org/,Austrian E-Journals of Universal Scientific Organization,,
http://www.autpub.org/MWP/,Austrian Scientific Publication House,,
http://www.avantipublishers.com/,Avanti Publishers.com,,
http://www.avensonline.org/,Avens Publishing Group,,
http://avestia.com/,Avestia Publishing,,
http://www.avicenapublisher.org/,Avicena Publisher,,
http://avidscience.com/,Avid Science,,
http://www.axisjournals.com/,Axis Journals,,
http://www.wjgnet.com/,Baishideng Publishing Group,,
http://basharesearch.com/journals.htm,Basha Research Corporation,BRCORP,
http://basicresearchjournals.org/index.html,Basic Research Journals,,
http://bellpress.org/,Bell Press,,
http://benthamopen.com/,Bentham Open,,
http://www.bestjournals.in/index.php,Best Journals,,
http://www.bapress.ca/index.html,Better Advances Press,,
http://bettyjonespub.com/,Betty Jones & Sisters Publishing,,
http://www.1010press.com/,Binary Information Press,,
http://bioaccent.org/,Bio Accent/Bioaccent,,
http://biocoreopen.org/index.php,Bio Core/Biocore,,
http://www.bioflux.com.ro/,Bioflux Society,,
http://www.biohelikon.org/,Biohelikon,,
http://biohouse.us/,Biohouse Publishing Group,,
http://www.bioinfopublication.org/,BioInfo Publications,,
http://bipublication.com/index.html,BioIT international Journals,,
http://www.bacpl.org/,Biological and Chemical Publishing,,
http://www.biomedpress.org/,BioMed Press,,
http://bmrjournals.com/Home/Index,BioMed Research,,
http://www.biomedscidirect.com/aboutjournal.php,BioMedSciDirect Publications,,
http://biopublisher.ca/,BioPublisher,,
http://www.bret.ac.in/,Bioscience Research & Educational Institute [Link dead as of 2012-11-14],,
http://blazejournals.org/index.php,Blaze Journals,,
http://www.blue-ap.org/,Blue Apple Publications,,
http://blueeyesintelligence.org/,Blue Eyes Intelligence Engineering & Sciences Publication,,
http://www.borjournals.com/,Blue Ocean Research Journals,,
http://www.bluepenjournals.org/,BluePen Journals,,
http://www.bonfring.org/,Bonfring,,
http://www.bowenpublishing.com/,Bowen Publishing,,
http://brainybuzz.in/,Brainy Buzz,,
http://www.bretj.com/,Bret Research Journals,,
http://www.bjmhs.baar.org.uk/,British Association of Academic Research,BAAR,
http://www.bjournal.co.uk/,British Journal,,
http://www.borpub.com/index.php,British Open Research Publications,,
http://brnsspublicationhub.org/,BRNSS Publication Hub,,
http://www.businessjournalz.org/,Business Journalz,BJ,
http://www.bizmanagementcentre.com/,Business Management Centre,,
http://businessperspectives.org/,Business Perspectives,,
http://cafetinnova.org/,Cafet Innova Technical Society,CITS,
http://cdbenchmark.com/publishing,Cairo Center for Development Benchmarking,,
http://cscanada.net/,CSCanada,,
http://ccsenet.org/web/,Canadian Center of Science and Education,,
http://cscanada.net/,CSCanada,,
http://www.crpub.com/index.php,Canadian Research Publication,,
http://www.cansrg.com/,Canadian Science and Research Group,CANSRG,
http://canadianstpress.com/ojs/index.php,Canadian Science and Technology Press Inc.,,
http://cardiologyacademicpress.com/,Cardiology Academic Press,,
http://www.carijournals.org/,CARI Journals,,
https://www.cenetrionline.org/,Cenetri Publishing Group,,
http://www.cekinfo.org.uk/,Center for Enhancing Knowledge,"CEK, UK",
http://www.cgrd.org/,Center for Global Research Development,CGRD,
http://www.cibmp.org/,The Center for Innovations in Business & Management Practice,,
http://cennser.org/,Center for Natural Science & Engineering Research,CNSER/CenNSER,
http://www.cpinet.info/,Center for Promoting Ideas,,
http://www.cddk.org/index.html,Center for the Development and Dissemination of Knowledge,,
http://casrp.co.uk/,Center of Advanced Scientific Research and Publications,CASRP,
http://journals.cz/,Central Bohemia University Publishing,,
http://cri.ideainfinity.pk/?p=1,Central Research Insight,,
http://www.cibtech.org/index.htm,Centre For Info Bio Technology,CIBTech,
http://www.c-mric.org/,"Centre for Multidisciplinary Research, Innovation and Collaboration",C-MRiC.ORG,
http://www.ijsrit.com/page.php?cat=25,Centre for Promoting Knowledge,CPK UK,
http://www.centreofexcellence.net/,Centre of Excellence for Scientific & Research Journalism,COES&RJ,
http://cprenet.com/home/,Centre of Promoting Research Excellence,CPRE,
http://www.ceser.in/,CESER Publications,,
http://www.chitkara.edu.in/publications/journals/,Chitkara University Publications,,
https://cirworld.com/,CIRWORLD,,
https://cirworld.com/cir/,CIRWORLD [alt],,
http://clerisyonlinepublishers.org/,Clerisy Publishers,,
http://clinmedjournals.org/,ClinMed International Library,,
http://cloud-journals.com/,Cloud Journals,,
http://www.cloudpublications.org/,Cloud Publications,,
http://www.cluteinstitute.com/,The Clute Institute,,
http://www.clytoaccess.com/,Clyto Access,,
http://www.coltharpinstitute.com/,Coltharp Institute,,
http://www.uscip.org/,Columbia International Publishing,,
http://comparativejournals.org/index.php/index,Comparative Journals,,
https://comprehensiveresearchjournals.org/,Comprehensive Research Journals,,
http://www.cscjournals.org/,Computer Science Journals,,
http://www.confabjournals.com/,CONFAB Journals,,
http://www.congresspress.com/Journals/index.php/index/index,Congress Press,,
http://www.icdtdi.ca/home.html,"CONSORTIUM Intellectual Consortium of Drug Discovery and Technology Development, Inc.",ICDTD Inc.,
http://www.ijern.com/index.php,Contemporary Research Center,CRC Publications,
http://www.globalcis.org/eng/,Convergence Information Society,,
http://cosmicjournals.com/,Cosmic Journals,,
http://www.cosmosscholars.com/,Cosmos Scholars Publishing House,,
http://www.cirworld.net/,Council for Innovative Research,,
http://www.crdeep.com/,CRDEEP International Journals,,
http://crescopublications.org/,Cresco Online Publishing,,
http://crescoonline.org/,Cresco Online Publishing [alt],,
http://www.crestjournals.com/,CREST Journals,,
http://www.crownjournals.org/,Crown Journals,,
http://cscanada.net/,CSCanada,,
http://tcrjournals.com/index.php,CTR Publications,,
http://www.curresweb.com/,Current Research Web,,
http://www.cyberjournals.com/,Cyber Journals,,
http://www.sciencejournal.in/home/,DAMA International,,
http://darsgah-e-ahlebait.com/journals.php,Darsgah-e-Ahlebait,,
http://darshanpublishers.com/index.html,Darshan Publishers,,
http://www.davidpublishing.com/,David Publishing,,
http://www.davidpublisher.org/,David Publishing [alt],,
http://www.deccanpharmajournals.com/,Deccan Pharma Journals,,
http://www.denovojournal.com/,DeNovo Scientific Publishing,,
http://www.dentamedpublishing.com/,Dentamed Publishing,,
http://www.sign-ific-ance.co.uk/index.html,Design for Scientific Renaissance,,
http://www.destechpub.com/,"DEStech Publications, Inc.",,
http://dcthink.org/,Developing Country Think Tank Institute,,
http://www.dhanmedpublishers.com/,Dhan Med Publishers,,
http://didacticjournals.org/,Didactic Journals,,
http://www.dirf.org/,Digital Information Research Foundation,DIRF,
http://dscipress.com/,Digital Science Press,,
http://directresearchpublisher.org/,Direct Research Journals,,
http://www.disa.org.in/DPGroup/index.html,DISA Publication Group,DP Group,
http://www.resjournals.org/,Discourse Journals,,
http://discoveryjournals.com/,Discovery Publication,,
http://www.djjames.org/,DJ Publications,,
http://donnishjournals.org/,Donnish Journals,,
http://www.dormaj.com/,Dorma Journals,,
http://www.drbgrpublications.in/,Dr.BGR Publications,,
http://www.drunpp.ba/,DRUNPP Sarajevo,Society for Development of Teaching and Business Processes in New Net Environment in B&H,
http://www.dynamicpublishers.org/journals/index.php/index,Dynamic Publishers,,
http://www.e-century.org/,e-Century Publishing Corporation,,
https://www.ecronicon.com/,E-Cronicon,,
http://worldresearchjournals.com/,e-journal,,
shankargargh.org,e-journal [alt],,
http://esciencecentral.org/,e-Science Central,,
http://www.e3journals.org/index.php,e3Journals,,
http://eaglegp.org/,Eagle Publishing Group,,
http://www.earthjournals.org/,Earth Journals,,
http://ew-a.org/,East West Association For Advanced Studies and Higher Education,,
http://ebioscholar.com/ojs/index.php/index/index,Ebioscholar,,
http://www.ebupress.com/,Ebu Press,,
http://www.ecanadianjournals.com/ecanadian/,eCanadian Journals,,
http://www.econjournals.com/index.php/index,Econjournals,,
http://www.tesdo.org/Default.aspx,The Economics and Social Development Organization,TESDO,
http://edelweisspublications.com/edelweiss/frontend/index.php,Edelweiss Publications,,
http://www.edugait.com/,EDUGAIT Press,,
http://eijasr.com/index.php,E-International Journals of Academic & Scientific Research,EIJASR,
http://www.eisrjc.com/,E-International Scientific Research Journal Consortium,E-ISRJC,
http://www.internationaljournalesrg.org/,Eighth Sense Research Group,,
http://www.eijo.in/,Einstein International Journal Organization,EIJO,
http://www.eisrjc.com/,EISRJC Journals,E-International Scientific Research Journal Consortium,
http://www.ejmscience.com/journals/,"eJM Science, eJManager",eJM,
http://www.ejarr.com/,eJournals of Academic Research & Reviews,,
http://www.ekojournal.com/,Eko Journal,,
http://www.theelearninginstitute.org/,eLearning Institute,,
http://ecisi.com/,Electronic Center for International Scientific Information,,
http://www.m.elewa.org/index.php,Elewa Bio Sciences,,
http://elitehall.elitehall.com/,Elite Hall Publishing House,,
http://www.eliteresearchjournals.org/,Elite Research Journals,,
http://www.elkjournals.com/,ELK Asia Pacific Journals,,
http://www.science-fellows.org/,ElmCore Journals,,
http://www.elmerpress.com/,Elmer Press,,
http://elvedit.com/,ELVEDIT.COM,,
http://www.elynsgroup.com/Default.aspx,Elyns Publishing Group,,
http://www.emergingresource.org/index.html,Emerging Academy Resources,EAR,
http://etpub.com/,Engineering and Technology Publishing,,
http://www.enggjournals.com/,Engineering Journals/Engg Journals Publications,Engg Journals Publications,
http://ephjournal.com/,Engineering Publication House,,
https://www.erpublication.org/,Engineering Research Publication,,
http://www.erpublications.com/,Enhanced Research Publications,ER Publications,
http://www.enlivenarchive.org/,Enliven Archive,,
http://www.printjournals.com/,Enriched Science Publication,,
http://www.enviropublishers.com/,Enviro Publishers,,
http://www.enviropublishers.com/,Enviro Research Publishers [alt],,
http://www.researchersworld.com/ermp.html,ERM Publications/Educational Research Multimedia & Publications,,
http://ephjournal.com/,EPH Journal/Engineers Publication House,,
http://epixpub.com/,EPIX PUB,EPIXPUB,
http://eprajournals.com/,EPRA Journals,,
http://eprawisdom.com/,EPRA Wisdom,,
http://eruditejournals.org/ejb/index.htm,Erudite Journals Limited,,
http://www.esrsa.org/,ESRSA Publication — Engineering and Science Research Support Academy,,
http://www.escijournals.net/,ESci Journals Publishing,,
http://escipub.com/,eScience Publisher,eSciPub,
http://etamaths.com/,ETA Maths Journals,,
http://www.ethanpublishing.com/,Ethan Publishing Company,,
http://eurasianacademy.org/,Eurasian Academy of Sciences,Avrasya Bilimler Akademisi,
http://www.eurasianpublications.com/,Eurasian Publications,,
http://www.erepub.com/,Eurasian Research Publishing,,
http://euroasia-science.ru/en/about/,Eurasian Union of Scientists,Eurasian Scientific Union ESU | Евразийский Союз Учёных ЕСУ,
http://www.euroasiapub.org/,Euro Asia Research and Development Association,,
http://eurojournals.com/,EuroJournals,,
http://ea-journals.org/index.php,European-American Journals,,
http://euser.org/,European Center for Science Education and Research,EUSER,
http://www.ejobm.org/,European Journals of Business Management,EJoBM,
http://oapub.org/edu/index.php/index,European Journals of Education Studies,,
http://europe-science.com/en/,The European Scientific Community,,
http://www.eurpub.com/,European Union Research Publishing,,
http://everant.in/,Everant,,
http://www.everscience.org/index.html,EverScience Publications,,
http://ojs.excelingtech.co.uk/,"ExcelingTech Publishing Company, Ltd.",,
http://www.excellentpublishers.com/,Excellent Publishers,,
http://www.excellentwordjournals.org/index.html,Excellent Word Journals,,
http://excelyticspublishers.com/,Excelytics Publishers,,
http://www.expertjournals.com/,Expert Journals,,
http://www.fareastjournals.com/,Far East Research Centre,,
http://ficuspublishers.com/Home.php,Ficus Publishers,,
http://onlinejournal.in/,Finlogy,,
http://firepubs.com/index.php,Focus in Research & Education/Firepubs,FIRE,
http://www.fopras.org/,Foundation for Promotion of Basic & Applied Science,FOPRAS,
http://www.fspublishers.org/index.php,Friends Science Publishers,FSP,
http://www.frontiersin.org/,Frontiers,,
https://www.bioscience.org/,Frontiers in Bioscience,FBS,
http://fssh-journal.org/,FSSH Scholarly Journals,,
http://fundamentaljournals.org/,Fundamental Journals,,
http://frdint.com/index.html,Fundamental Research and Development International,FRDI,
http://www.futureacademy.org.uk/,Future Academy,,
http://www.gkpublication.in/,Galore Knowledge Publication Pvt. Ltd.,,
http://www.gathacognition.com/,Gatha Cognition,,
http://gavinpublishers.org/,Gavin Publishers,,
http://www.gbspublisher.com/,GBS Publishers & Distributors,,
http://gpublication.com/,Genexcellence Publication/G Publications,,
http://grsci-techpress.org/,German Science and Technology Press,,
http://gexinonline.com/,Gexin Publications,,
http://www.globalacademicinstitute.com/,Global Academic Institute,,
http://garj.org/,Global Advanced Research Journals,,
http://www.globalbizresearch.org/index.php,Global Business Research Journals,,
http://www.gifre.org/,Global Institute for Research and Education,,
http://iashe.eu/en/periodicals-journals-academy,International Academy of Science and Higher Education,,
http://www.paripex.in/,The Global Journals,,
http://globaljournals.us/,"Global Journals, Inc.",,
http://globalopenjournals.org/,Global Open Journals,,
http://globalopenaccess.com/,Global Openaccess,,
http://gpcpublishing.com/,Global Publishing Corporation,,
http://www.globalresearchjournals.org/,Global Research Journals,,
http://www.globalresearchonline.net/,Global Research Online,,
http://www.grpjournal.org/,Global Research Publishing,GRP,
http://www.grjournals.com/,Global Researchers Journals,,
http://www.globalscholarsjournals.org/,Global Scholars Journals,,
http://european-science.org/en/,Global Science Center LP,,
http://globalsciencepg.org/,Global Science Publishing Group,,
http://globalscienceresearchjournals.org/,Global Science Research Journals,,
http://globalpublication.org/index.html,"Global Scientific, Inc.",,
http://www.gsrjournals.com/,Global Scientific Research Journals,GSR,
http://gssrr.org/index.php?journal=gssrr&page=index,Global Society of Scientific Research and Researchers,GSSRR,
http://www.gtia.co.in/,Global Technocrats & Intellectual’s Association,GTIA,
http://globalskope.com/ijesr/index.html,GlobalSkope Publishing Society,,
http://www.gnosisoa.org/,Gnosis Open Access Publishers [Link dead; re-branded as,,
http://www.gratisoa.org/,Gratis Open Access Publishers,,
http://www.ijcns.com/,Gopalax,,
http://grabstrust.com/,GRABS Educational Charitable Trust,,
http://grantmedicaljournals.org/,Grant Medical Journals,GMJ,
http://www.graphyonline.com/index.php,Graphy Publications,,
http://www.gratisoa.org/,Gratis Open Access Publishers,,
http://grdspublishing.org/,GRDS Publishing,,
http://www.gejournal.net/index.html,Green Earth Research Network,,
http://www.ggfagro.com/,Green Global Foundation,GGF,
http://www.gjournals.org/,Greener Journals,,
http://www.garph.co.uk/index.html,Greenfield Advanced Research Publishing House,,
http://growingscience.com/index.html,Growing Science Publishing Company,,
http://www.gspublishers.com/,GS Publishers,,
http://gsblifesciences.org/index.php,GSB Life Sciences,,
http://gscience.gurpukur.com/,Gurpukur Research Institute,GPRI,g-Science
http://gyancity.com/,Gyancity Research Lab Private Limited,,
http://www.halmacresearch.org/,Halmac Research [Link dead as of 2016-05-23],,
http://www.hanspub.org/,"Hans Publishers, Inc.","HansPub, 汉斯",
http://hkbpublications.com/,Har Krishan Bhalla & Sons,HKB Publications,
http://www.heighpubs.com/,Heighten Science Publications,HSP,
http://helicsonline.net/,Helics Scientific Network,Helics Group,
http://www.hendun.org/,Hendun Research Access,,
http://www.henrypublishinggroup.com/,Henry Publishing Group,,
http://heraldjournals.org/index.htm,Herald International Research Journals,,
http://www.heraldopenaccess.us/,Herald Scholarly Open Access,,
http://www.hoajonline.com/,Herbert Open Access Journals,Herbert Publications,
http://www.m-hikari.com/,Hikari Ltd.,,
http://www.e-hilaris.com/index.html,Hilaris,,
http://www.researchjournal.co.in/index.html,Hind Agri-Horticultural Society,HAHS/HIND Institutes/Research Journals,
http://www.horizonjournals.org/,Horizon Journals,,
http://www.hrpub.org/,Horizon Research Publishing,,
http://www.humanpub.org/,Human and Sciences Publications,HumanPub,
http://hrmars.com/index.php?page=our%20journals%20f,Human Resource Management Academic Research Society,HRMARS,
http://www.irjcjournals.org/,iExplore International Research Journals Consortium,IIRJC,
http://www.iamure.com/,IAMURE Multidisciplinary Research,,
http://ibai-publishing.org/,ibai-publishing,,
http://www.ibimapublishing.com/,IBIMA Publishing,,
http://www.icgst.com/,ICGST,,
https://www.iconceptpress.com/,iConcept Press Ltd.,,
http://www.ictactjournals.in/index.aspx,ICTACT Journal,,
http://www.id-press.eu/,Id Press / ID Design,,
http://www.ieripress.com/,IERI & PRESS,,
http://igmpublication.org/index.html,IGM Publication,,
http://www.iiardonline.org/,IIARD Publication Company,International Institute of Academic Research and Development,IIARD
http://www.ijarsgroup.com/,iJARS Group,,
http://ijbsse.org/,Ijbsse.org,,
http://www.ijmanager.org/,ijManager – Online Journal Management,,
http://ijrcm.org.in/,IJRCM,,
http://www.ijmhr.org/index.html,IMED Research Publications,,
http://www.imedpharm.com/,iMedPharm,,
http://imed.pub/,iMed.pub,,
http://www.impactjournals.com/,Impact Journals,"New York State, USA",
http://www.impactjournals.us/index.php,Impact Journals,"Tamil Nadu, India",
http://www.imperialjournals.com/,Imperial Journals,,
http://imprintsonline.org/index.php,Imprints Open Access,,
http://iaraedu.com/,Indian Academicians and Researchers Association,IARA,
http://www.iseeadyar.org/,Indian Society for Education and Environment,ISEE,
http://indianresearchjournals.com/Default.aspx,IndianResearchJournals.Com,,
http://www.indusedu.org/,"Indus Foundation for Education, Research & Social Welfare",,
http://infinitypress.info/publisher/,Infinity Press,,
http://www.infofacility.com/journals,infofacility,,
http://infonomics-society.org/,Infonomics Society,,
http://inforesights.com/,Inforesights Publishing,,
http://www.informaticsjournals.com/,Informatics Journals,,
http://www.ier-institute.org/index.htm,Information Engineering Research Institute,IERI,
http://ingenin.org/,Ingenious Enterprises International,INGENIN,
http://innovareacademics.in/,Innovare Academic Sciences,,
http://www.innovationalpublishers.com/,Innovational Publishers,,
http://www.innovativejournal.in/,Innovative Journals,,
http://www.innovativepublication.com/,Innovative Publication,,
http://www.issr-journals.org/,Innovative Space of Scientific Research,ISSR Journals,
http://innovinc.org/,Innovinc,,
http://www.inrewi.com/home,INREWI,,
http://www.iphsci.com/index.html,Ishaan Publishing House,,
http://www.insightcore.com/,Insight Core,,
http://insightknowledge.co.uk/index.php,Insight Knowledge,,
http://imedpub.com/,Insight Medical Publishing,IMedPub,
http://www.instascijournals.info/index.php,Instaci,,
http://www.theibfr.com/,The Institute for Business and Finance Research,IBFR,
http://www.irdindia.in/,Institute for Research and Development India,IRD,
http://www.i-asr.com/journals.aspx,Institute of Advanced Scientific Research,,
http://www.theides.org/,Institute of Doctors Engineers and Scientists,IDES,
http://www.ieit-web.org/apscj/editorialboard.html,Institute of Electronic & Information Technology,,
http://iioab.webs.com/researchandpublications.htm,Institute of Integrative Omics and Applied Biotechnology,,
http://www.inlcs.org/,Institute of Language and Communication Studies,,
http://www.research-advances.org/,Institute of Research Advances,IRA,
http://iraj.in/index.php,Institute of Research and Journals,IRAJ,
http://www.theired.org/,Institute of Research Engineers and Doctors,theIRED,
http://theires.org/,Institute of Research Engineers and Scientists,,
http://www.iret.co.in/index.html,Institute of Research In Engineering and Technology,IRET,
http://www.isisworld.org/,Institute of Strategic and International Studies,,
http://www.intechweb.org/,InTech Open Access Publisher,,
http://www.intechopen.com/,InTech Open Access Publisher [alt],,
http://www.intergratedjournals.org/,Integrated Academic Journals,,
http://iirpublications.com/index.php,Integrated Intelligent Research,IIR,
http://www.ipublishing.co.in/,Integrated Publishing Association,,
http://indianscience.in/pubs/journals/,Integrated Science Publications,,
http://www.intellectualarchive.com/,Intellectual Archive,,
http://icmrr.org/index.html,Intercontinental Management Research Review,ICMRR,
http://icjpublishers.org/index.php,Interlink Continental Journals,,
http://www.intermedcentral.hk/,Intermedcentral,,
http://www.inacj.com/,International Academic Journals,,
http://www.iaph.in/,International Academic Publishing House,,
http://www.iaabr.com/,International Academy for Advancement of Business Research,IAABR,
http://www.iaster.com/index.php,International Academy for Science & Technology Education and Research,IASTER,
http://iaast.org/,"International Academy of Arts, Science & Technology",IAAST,
http://www.intl-academy.org/index.htm,International Academy of Business,,
http://www.iabe.org/,International Academy of Business & Economics,IABE,
http://iacite.org/,International Academy of Computer & IT Engineering,IACITE,
http://www.iaees.org/,International Academy of Ecology and Environmental Sciences,IAEES,
http://iashe.eu/en/periodicals-journals-academy,International Academy of Science and Higher Education,IASHE,
http://www.iaset.us/index.php,"International Academy of Science, Engineering and Technology",IASET,
http://international-aset.com/index.html,"International Academy of Science, Engineering and Technology",International ASET,
http://iastem.org/,"International Academy of Science, Technology, Engineering and Management",,
http://www.iap.org/,International Academy Publishing,IAP,
http://www.iaria.org/,"The International Academy, Research and Industry Association",IARIA,
http://www.intlafr.com/index.html,International Advances for Research,,
http://iadces.com/,"International Agency for Development of Culture, Education and Science",,
http://www.academians.org/,International Association for Academians,,
http://www.iaet.net/,International Association for Engineering & Technology,,
http://www.iaeme.com/about.asp,International Association for Engineering and Management Education,IAEME,
http://www.aicit.org/publications.html,"International Association for Information, Culture, Human and Industry Technology",,
http://www.iacsit.org/,International Association of Computer Science and Information Technology,IACSIT Press,
http://iaaet.org/,International Association of Advances in Engineering and Technology,IAAET,
http://iaetr.org/,International Association of Engineering & Technology Researchers,IAETR,
http://www.iajc.org/overview.html,International Association of Journals & Conferences,IAJC,
http://iasir.net/index.html,International Association of Scientific Innovation and Research,IASIR,
http://iatei.org/,International Association of Technology Education & Industry,,
http://www.bhssci.com/,International Bauhaus Science Press,,
http://icbr.net/,International Center for Business Research,,
http://www.icidr.org/index.php,International Centre for Integrated Development Research,ICIDR,
http://www.icoci.org/,International Centre of Culture Inventory,,
http://www.i-cses.com/,International Computer Science and Engineering Society,ICSES,
http://www.icgst.com/,International Conference on Computer Science and Engineering,,
http://idosi.org/index.htm,International Digital Organization for Scientific Information,IDOSI,
http://www.iedrc.org/,International Economics Development and Research Center,IEDRC,
http://www.ierfinfo.com/,International Education Research Foundation,IERF,
http://www.publisher.ijier.net/,International Educative Research Foundation And Publisher,,
http://internationalejournals.com/,International eJournals,,
http://www.ifgdg.org/,International Formulae Group,IFG,
http://www.ifrsa.org/,International Forum of Researchers Students and Academician,IFRSA,
http://infomesr.org/en/home,International Foundation for Modern Education and Scientific Research,INFOMESR,
http://www.ifrnd.org/,International Foundation for Research and Development,,
http://www.ihasr.org/,International House for Academic Scientific Research [Link dead as of 2013-01-02],,
http://www.ssmrae.com/,International Indexed Refereed Research Journal,,
http://www.information-iii.org/,International Information Institute,,
http://iipccl.org/,"International Institute for Private, Commercial and Competition Law",,
http://www.iiste.org/Journals/,"International Institute for Science, Technology and Education",IISTE,International Knowledge Sharing Platform
http://www.iieng.org/journals.php,International Institute of Engineers,IIE,
http://theiier.org/Conference/Singapore/1/ICSTEM/publication.php,International Institute of Engineers & Researchers,,
http://www.iiis.org/,International Institute of Informatics and Systemics,,
http://www.iisir.org/,International Institute of Science & Industry Research,IISIR,
http://internationalinventjournals.org/index.html,International Invention Journals,,
http://ijcu.us/,International Journal of College & University,IJCU,
http://www.ijrdo.org/,International Journal of Research & Development Organisation,IJRDO,
http://www.ijpg.org/,International Journal Publishers Group,,
http://www.theinternationaljournal.org/ojs/index1.htm,The International Journal Research Publications,TIJ Research Publications,
https://ijddmr.wordpress.com/,International Journals,Yadav Scientific Journals Publishers,
http://www.internationaljournals.co.in/titles.aspx,International Journals.co.in,,
http://internationaljournalsforresearch.com/index.php,International Journals for Research,IJR,
http://ijrgroup.com/,International Journals for Research,IJR Group,
http://www.ijronline.com/,International Journals for Researchers,,
http://www.eu-print.org/ilk.php,International Journal of Academic Research,Publisher,
http://www.ijens.org/,International Journals of Engineering & Sciences,,
http://www.ijmr.net.in/,International Journals of Multi Dimensional Research,,
http://www.ijmra.us/,International Journals of Multidisciplinary Research Academy,,
http://www.ijnngt.org/index.php,International Journals of N&N Global Technology,IJNNGT,
http://intjr.com/index.php,International Journals of Research,INTJR,
http://gssrr.org/,International Journals of Research Papers,IJRP,
http://ijsht-journals.org/,International Journals of Sciences and High Technologies,IJSHT,
http://www.ijsk.org/,International Journals of Scientific Knowledge,IJSK,
http://www.ijsrpub.com/,International Journals of Scientific Research Publications,IJSRPUB,
http://ijscience.com/default.htm,International Journals of Scientific Research,IJSR,
http://www.ikpresse.com/,International Knowledge Press,,
http://www.inast.org/,International Network for Applied Sciences and Technology,,
http://www.innspub.net/,International Network for Natural Sciences,INNSPUB,
http://insii.com/index.php,International Network for Scientific & Industrial Information,,
http://www.ioksp.com/index.html,International Online Knowledge Services Provider,IOKSP,
http://www.iomcworld.com/publications.htm,International Online Medical Council,IOMC,
http://www.ocerint.org/index.php/homepage,International Organization Center of Academic Research,OCERINT,
http://iosi.in/,International Organization of Scientific Invention,IOSI,
http://iosrjournals.org/index.html,International Organization of Scientific Research,IOSR Journals,
http://iosrd.org/,International Organization of Scientific Research and Development,IOSRDD,
http://www.internationalpostgraduatenetwork.org/,International Postgraduate Network,IPN Network,
http://ipco-co.com/,International Publisher & C.O,IPCO,
http://ipasj.org/index.htm,International Publisher for Advanced Scientific Journals,IPASJ,
http://lsrj.in/,"International Recognition Multidisciplinary Research Journals, Monthly Publish",,
http://www.lsrj.in/,International Recognition Research Journals,,
http://www.iracst.org/home.htm,"International Research Association of Computer Science, & Technology",IRACST,
http://www.oiirj.org/,International Research E-Journals,,
http://www.irgjournals.org/,International Research Group,,
http://resjournals.com/,International Research Journals,"Accra, Ghana",
http://www.interesjournals.org/,International Research Journals,"Lagos, Nigeria",
http://www.irocsjournals.org/irocs/home.php,International Research Organization of Computer Science,IROCS,
http://www.irphouse.com/,International Research Publication House,IRPH,
http://www.inposo.org/,International Research Society For Promotion of Science,INPOSO,
http://internationaljournalofresearch.org/,International Scholarly Open Access Research,ISOAR,
http://internationalscholarsjournals.org/,International Scholars Journals,,
http://www.isrjournals.org/,International Science & Research Journals,ISRJ/ISRJournals,
http://www.isamedjournals.com/,International Science and Medical Journals,isaMed,
http://www.isca.in/,International Science Community Association,,
http://isacorporation.org.in/,International Scientific Academic Corporation,,
http://www.isaet.org/,International Scientific Academy of Engineering & Technology,,
http://iserp.org/,International Scientific Engineering and Research Publications,,
http://isij.in/,International Scientific Invention Journals,,
http://www.scientific-publications.net/,International Scientific Publications,,
http://www.isroset.org/,"International Scientific Research Organization for Science, Engineering and Technology",ISROSET,
http://isroj.net/index.php?menu=home,International Scientific Research Organization Journals,ISROJ,
http://acjournal.in/,International Skill Research Journals,,
http://www.iserd.co/,International Society for Engineering Research and Development,ISERD,
http://iser.co/,International Society for Engineers and Researchers,ISER,
http://isgsemjournal.blogspot.com/,International Society for green.sustainable engineering and management,,
http://iszr.org/Jrs/index.php/index/index,International Society for Zoological Research,ISZR,
http://www.istp.org.in/,International Society of Thesis Publication,ISTP,
http://www.isurs.org/,International Society of Universal Research in Sciences,EyeSource,
http://theiti.net/,International Technology Innovation,ITi,
http://internationaljournals.co.in/,InternationalJournals.co.in,,
http://www.ispub.com/,Internet Scientific Publications,,
http://interscience.org.uk/,Interscience Journals,,
http://www.interscience.in/,Interscience Open Access Journals,,
http://inter-use.com/,International Union of Scence and Education,Inter-USE,
http://intuitionjournals.org/,Intuition Journals,,
http://inventionjournals.org/,Invention Journals,,
http://www.ioreinternational.org/,IORE International,,
http://www.iospublishing.org/,Institute of Science Publishing,IOS Publishing,
http://iosrjournals.org/index.html,International Organization of Scientific Research,,
https://www.iprobegrp.com/,iProbe Group,,
http://www.irapub.com/,Ira Publications,,
http://theired.org/organizer.html,IRED International Journals,,
http://irojournals.com/index.html,IRO Journals,,
http://www.irosss.org/,International Research Organization of Sciences and Social Sciences,IROSSS,
http://www.isaacpub.org/Home.aspx,Isaac Scientific Publishing,,
http://iserjournals.com/,iSER Publications,,
http://ishitvtech.in/#,Ishitv Technologies,,
http://www.isisn.org/,ISISnet,,
http://www.iwnest.com/index.html,Islamic World Network for Environmental Science and Technology,IWNEST Publisher,
http://ispacs.com/,International Scientific Publications and Consulting Services,ISPACS,
http://ivyunion.org/,Ivy Union Publishing,,
http://jabalpurmanagementassociation.co.in/Journals.aspx,Jabalpur Management Association,,
http://www.jacobspublishers.com/index.php,Jacobs Publishers,,
http://jacsdirectory.com/jacs/index.php,JACS Directory,,
http://jaypeejournals.com/,Jaypee Journals,,
http://www.jetpublishing.org/index.html,JET Publishing,,
http://journals-of-scientifcs-rd.com/,Journals of Scientifics R&D,,
http://www.josephpublishinggroup.com/,Joseph Publishing Group,,
http://www.journaldynamics.org/,Journal Dynamics,,
http://www.journalissues.org/index.php,Journal Issues,,
http://www.journalnetwork.org/,Journal Network,,
http://jupapadoc.startlogic.com/compresearch/,Journal of Comprehensive Research,,
http://www.johronline.com/,Journal of Harmonized Research Publications,,
http://www.jiaats.com/index.php,Journal of The International Association of Advanced Technology and Science,JIAATS,
https://journalsclub.com/,Journals Club & Co.,,
http://www.journalspub.com/,Journals Pub,,
http://www.journalsbank.com/,JournalsBank,,
http://www.jscholaronline.org/list-of-journals.php,JScholar Journals,,
http://www.jscimedcentral.com/,JSciMed Central,,
http://julypress.com/,July Press,,
http://juniperpublishers.com/,Juniper Publishers,,
http://jyotiacademicpress.net/,Jyoti Academic Press,,
http://www.kaavpublications.org/,KAAV Publications,,
http://www.kjournals.org/,Kaleidoscope Journals,,
http://www.kwpublisher.com/,KambohWell Publisher Enterprises,,
http://www.krepublishers.com/KRE-New-J/index.html,Kamla Raj Enterprises,KRE Publishers,
http://www.journals.ke-i.org/index.php/index/index,KEI Journals,,
http://www.kejapub.com/,KEJA Publications,,
http://www.kenkyuonline.org/,Kenkyu Group,,
http://www.keyresearchjournals.org/,Key Research Journals,KRJ,
http://kibanresearchpublications.com/index.html,Kiban Research Publications,,
http://www.kindipublication.com/home.html,Kindi Publication,,
http://www.knowledgepublishinghouse.com/index.html,Knowledge Publishing Printing & Distribution House,,
http://www.knowledgebasepublishers.org/,Knowledgebase Publishers,,
http://www.knowledgecuddle.com/,KnowledgeCuddle Publication,,
http://www.knowledgespublisher.com/,KnowledgesPublisher,,
http://www.knowledgia.net/,Knowledgia Scientific,formerly Knowledgia Review,
http://euacademic.org/,Kogaion Publishing Center,,
http://kowsarpub.com/en/,Kowsar Publishing,,
http://www.kozmenkopublishing.com/,Kozmenko Science Publishing,,
http://www.krishisanskriti.org/Jounrals.php?title=Journals,Krishi Sanskriti,,
http://kspjournals.org/,KSP Journals,,
http://www.kypublications.com/,KY Publications,,
http://www.ladderpublishers.org/,Ladder Publishing House,,
http://www.landmarkresearchjournals.org/lrjbme/index.php,Landmark Research Journals,,
http://www.thelar.org/,LAR,,
http://lawarencepress.com/,Lawarence Press,,
http://www.lecolinkresearchjournals.org/index.php,Lecolink Research Journals,,
http://www.lectitojournals.com/,Lectito Journals,,
http://www.ajssh.leena-luna.co.jp/,Leena & Luna International,,
http://lexispublisher.com/index.html,Lexis Publisher,,
http://thelar.ca/,Library of Academic Resources,LAR,
http://www.lifescienceglobal.com/,Lifescience Global,,
http://www.lifescifeed.com/index.htm,LifeSciFeed Ventures,,
http://www.lighthousejournals.org/index.php,Lighthouse Journal Publication,Lighthouse Journals,
http://literatipublishers.com/Journal/index.html,Literati Scientific and Publishers,Literati Publishers,
http://journalspress.com/,London Journals Press,,
http://www.lbrpublishing.com/,Longbridge Publishing Company,,
http://lookacademy.nl/,Look Academic Publishers,,
http://loremjournals.com/index.php,Lorem Journals,,
http://www.macoctagonjournals.org/,Macoctagon Journals,,
http://macrojournals.com/home,macroJournals,,
http://www.macrothink.org/,Macrothink Institute,,
http://www.macroworldpub.com/,MacroWorld,,
http://madridge.org/,Madridge Publishers,,
http://mainspringer.com/pub_site/,Mainspringer,,
http://www.managementjournals.org/index.php,Management Journals,,
http://www.sciencepub.net/,Marsland Press,,
http://www.marynsam.co.uk/,Mary and Sam Research Academia,,
http://miredu.org/,Maryland Institute of Research,,
http://www.masaumnet.com/,MASAUM Network,,
http://www.mathewsopenaccess.com/,Mathews Open Access Journals,,
http://maxwellsci.com/jlist.php,Maxwell Scientific Organization,,
http://www.mayfeb.com/OJS/,MAYFEB Technology Development,,
http://mcmed.us/,McMed International,,
http://measpublishing.co.uk/,Meas Publishing Ltd,,
http://www.mecs-press.org/,Modern Education and Computer Science Press,MECS ,
http://medcraveonline.com/,MedCrave,,
http://www.ghrnet.org/index.php/index/index,Medical science,,
http://medical.sciencejournals.cc/,Medical Science Journals [Link dead as of 2012-11-14],,
http://www.medipacademy.com/,Medip Academy,,
http://mcser.org/,Mediterranean Center of Social and Educational Research,MCSER,
http://www.medtechnano.com/,MEDNANO Publications,,
http://www.medwelljournals.com/home.php,Medwell Journals,,
http://medwinpublishers.org/,Medwin Publishers,,
http://meghanapublications.com/index.php#MEGHANA,Meghana Publications,,
http://www.mehtapress.com/,Mehta Press,,
http://meritresearchjournals.org/index.htm,Merit Research Journals,,
http://www.mrpress.org/,Meta Research Press,,
http://www.mnkjournals.com/index.htm,MNK Publication,,
http://www.modernrespub.org/,Modern Research Publishers,,
http://modernscientificpress.com/,Modern Scientific Press,,
https://www.mrscholar.com/,Mr. Scholar,,
http://www.muhammadon.org/index.php,Muhammadon Centre for Research and Development,MCRD,
http://www.mukpublications.com/,MuK Publications & Distributions,,
http://www.multidisciplinaryjournals.com/,Multidisciplinary Journals,,
http://mustangjournals.com/index.html,Mustang Journals,,
http://www.nngt.org/,N&N Global Technology,NNGT,
http://www.npplweb.com/,Narain Publishers Pvt. Ltd,NPPL,
http://national-science.ru/,National Association of Scholars,Национальная ассоциация ученых / НАУ,
https://www.ncnp.org/medical-journals.html,National College of Physicians,,
http://www.naturalspublishing.com/index.asp,Natural Sciences Publishing Corporation,,
http://naturepub.org/,Naturepub,,
http://www.naukpublication.org/,Nauk Publication,,
http://www.nemisjournals.org/,Nemis Journals,,
http://www.nessapublishers.com/index.php,Nessa Publishers,NP,
http://www.netjournals.org/,Net Journals,,
http://www.newcpress.com/,New Century Publishing Group,,
http://www.newcenturyscience.com/,New Century Science Press,,
http://ndpublisher.in/index.php,New Delhi Publisher,,
http://www.newgroundresjournals.org/,New Ground Research Journals,,
http://web.newscienceseries.com/,New Science Series Journals,NSSJ,
http://www.newscientistpublish.com/,New Scientist Publishers,,
http://www.newworldpub.com/homepage.html,New World Publishing,,
http://www.newwsa.com/,New World Sciences Academy,,
http://www.newpubli.com/index.shtml,Newpubli,,
http://nexusacademicpublishers.com/,Nexus Academic Publishers,NAP,
http://nhsjournals.org/,nhsJournal,,
http://napublisher.org/,Noble Academic Publisher,NAP,
http://www.nobel.gen.tr/,Nobel International Journals,,
http://nobleresearch.org/,NobleResearch,,
http://www.nonolympictimes.org/,Non Olympic Times,,
http://www.narpub.com/,North American Research Publishing,,
http://www.nairjc.com/,North Asian International Research Journal Consortium,NAIRJC,
http://www.naun.org/wseas/cms.action,North Atlantic University Union,,
https://www.notoare.com/,Noto-are,,
http://novaexplore.com/,Nova Explore Publications,,
http://www.nvlscience.com/,Novel Science,,
http://www.noveltyjournals.com/,Novelty Journals,,
http://novusscientia.org/index.php,Novus Scientia Journals,,
http://nucleionline.org/,Nuclei Online,,
http://oapublishinglondon.com/index.php,OA Publishing London,,
http://oaepublish.com/,"OAE Publishing, Inc.",OAE,
http://oakfortressjournals.org/index.php,Oak-Fortress Journals,,
http://www.oaspjournal.org/,OASP Journals,,
http://oceanicjournals.org/,Oceanic Journals,,
http://ologyscience.com/index.php,Ology Science,,
http://www.omicsonline.org/,OMICS International,,
http://ommegaonline.com/,Ommega Publishers,,
http://www.onecentralpress.com/,OneCentral Press,,
http://onlinejournals.oscij.com/index.php/index/index,Online Journals Management System,OJMS,
http://onlineresearchjournals.org/index.htm,Online Research Journals,,
http://onlinesciencepublishing.com/,Online Science Publishing,,
http://www.opastonline.com/,OPAST,,
http://openaccessebooks.com/,Open Access eBooks,,
http://www.openacademicpress.de/,Open Academic Press,,
http://theojal.com/,Open Access Journal Limited,The OJAL,
http://www.openaccessjournals.com/,Open Access Journals,,
http://oaj-pc.com/,Open Access Journals Publishing Company,,
http://www.oalib.com/,Open Access Library,,
http://www.openaccesspub.org/,Open Access Pub,,
http://oap-journals.org/index.php,Open Access Pub [alt],,
http://oapub.org/edu/index.php/index,Open Access Publishing Group,,
http://openaccessscience.com/,Open Access Science Research Publisher,OASRP,
http://oatext.com/,Open Access Text,"OAT, OA Text",
http://www.obm-pc.com/,Open BioMedical Publishing Corporation,OBM,
http://ambs-journal.co.uk/ojs-2.4.7-1/index.php/index,Open Journal Systems,,
http://okjournals.org/,Open Knowledge Journals,,
http://www.orslib.org/index.html,Open Research and Science Library,ORSlib,
http://www.openresearchnetwork.org/,Open Research Network,,
http://www.open-knowledge-society.org/,Open Research Society,,
http://www.openscienceonline.com/,Open Science,,
http://www.opensciencepublications.com/,Open Science Publications,,
http://openventio.org/,Openventio Publishsers,,
http://oprscience.com/,OPR Science,,
http://www.orb-academic.org/,ORB Academic Publisher,,
http://www.orbitjournals.com/index.php,Orbit Research and Development,,
http://www.oricpub.com/,ORIC Publications,,
http://ozelacademy.com/,Ozean Publications,,
http://pacesetteronlinepublishers.org/,Pacesetter Online Publishers,,
http://pacificejournals.com/,Pacific Group of e-Journals,PaGe,
http://www.pakinsight.com/,Pak Publishing Group,,
http://psmpublishers.org/,Pakistan Science Mission,PSM,
http://www.palgojournals.org/,Palgo Journals,,
http://prlpublisher.com/,Panacea Research Library,,
http://www.paperpublications.org/,Paper Publications,,
http://www.papersciences.com/,PaperSciences Research Publisher,,
http://www.paramountjournals.com/,Paramount Journals,,
http://pbsjournals.com/index.php,PBS Journals,,
http://www.peakjournals.org/index.html,Peak Journals,,
http://www.pearlpub.com/,Pearl Publication,,
http://www.pearlresearchjournals.org/,Pearl Research Journals,,
http://www.peertechz.com/,Peertechz,Peer Teechz,
http://pelagiaresearchlibrary.com/index.html,Pelagia Research Library,,
http://www.pencilacademicpress.org/,Pencil Academic Press,,
http://pezzottaitejournals.net/pezzottaite/,Pezzottaite Journals,,
http://www.pharmaintelligence.org/,Pharma Intelligence,,
http://www.pharmapublisher.com/,Pharma Publisher,,
http://www.pharmaresearchlibrary.com/,Pharma Research Library,,
http://pharmresfoundation.com/,Pharmaceutical Research Foundation,,
http://www.pharmainfo.in/,PharmaInfo,,
http://www.pharmainterscience.com/,PharmaInterScience Publishers,,
http://www.pharmascope.org/,Pharmascope Publications,,
http://philair.ph/publication/index.php/index/index,Philippine Association of Institutions for Research,PAIR,
https://sites.google.com/site/photonfoundationorganization/,Photon Foundation,,
http://pjpub.org/,Pinnacle Journal Publication,,
http://prj.co.in/,Pinnacle Research Journals,PRJ,
http://www.pspchv.com/,Pioneer Scientific Publisher,,
http://www.piscomed.com/,PiscoMed Publishing,,
http://psrcentre.org/,Planetary Scientific Research Center,PSRC,
http://www.platinumglobaljournals.org/,Platinum Global Journals,,
http://premierpublishers.org/,Premier Publishers,,
http://www.pressacademia.org/,PressAcademia,,
http://www.primejournal.org/index.html,Prime Journals,,
http://www.prjp.org/index.htm,Pristine Research Journal Publications,PRJP,
http://www.prjpublication.com/index.html,Priyanka Research Journal Publication,,
http://www.eu-print.org/ilk.php,International Journal of Academic Research,Publisher,
http://www.idpublications.org/,Progressive Academic Publishing,,
http://www.pscipub.com/MWP/,Progressive Science Publications,,
http://www.projectinnovation.biz/,Project Innovation,,
http://www.projectinnovation.com/,Project Innovation [alt],,
http://www.projournals.org/,Professional Journals,ProJournals,
http://www.proscience-journals.com/default.php,Proscience Journals,,
http://www.prudencejournals.org/index.htm,Prudence Journals,,
http://prudentjournals.org/IRJCP/,Prudent Journals,,
http://www.pubicon.com/,Pubicon International Publications,Pubicon Journals,
http://www.aiscience.org/psf/index.html,Public Science Framework,,
http://phosciences.com/,Publishing House of Sciences,PHS,
http://www.pulsus.com/,Pulsus Group,,
http://www.purplejournals.org/,Purple Journals,,
http://www.pphmj.com/,Pushpa Publishing House,,
http://www.pyrexjournals.org/,Pyrex Journals,,
http://www.qingres.com/,Qingres,,
http://quazzyjournals.org/index.htm,Quazzy Journals,,
http://www.questjournals.org/index.html,Quest Journals,,
http://rdmodernresearch.com/,R&D Modern Research Publication,,
https://sites.google.com/a/randspublications.org/randspublications/home,R & S Publications [Link dead as of 2013-07-04],,
http://www.ra-j.org/,RAJ Group,,
http://ratingacademy.com.tr/web/index.php/en/,Rating Academy,,
http://readersinsight.net/,Readers Insight Publishers,,
http://recentscience.org/,Recent Science,,
http://www.rfppl.co.in/index.php,Red Flower Publication Private Limited,,
http://www.redfame.com/home/,RedFame Publishing,,
http://www.remedypublications.com/,Remedy Publications,,
https://renupublishers.com/,Renu Publishers,,
http://www.rajournals.in/,Research & Analysis Journals,RA Journals,
http://www.rassweb.com/,Research Academy of Social Sciences,RASS,
http://resealert.com/,Research Alert Journals,,
http://www.resindia.org/,Research and Educational Society,,
http://riojournals.com/home/,Research and Information Organization,RIO,
http://www.rekpub.com/,Research and Knowledge Publication,,
http://www.rsisinternational.org/,Research and Scientific Innovation Society,RSIS,
http://www.rroij.com/,Research & Reviews,International Journals,
http://rcmss.com/,Research Centre for Management and Social Studies,RCMSS,
http://recopublisher.org/index.php/Recopublisher,Research Consultants and Publisher,,
http://rfh.org.pk/,Research Foundation for Humanity,RFH,
http://www.ripublication.com/,Research India Publications,RIP,
http://www.ripknet.org/,Research Institute for Progression of Knowledge,RIPK,
http://journal.ristas.org/,"Research Institute for Science, Technology, and Society",RISTaS,
http://www.researchjournalz.com/,Research Journal,,
http://researchleap.com/,ResearchLEAP,,
http://researchopenworld.com/,Research Open,,
http://www.researchpublish.com/,Research Publish Journals,,
http://researchpub.org/index.html,Research Publisher,,
http://rpublishing.org/,Research Publishing Group,,
http://rstpublishers.com/,"Research, Science, and Technology Publishers",RST,
http://researchscript.com/,Research Script,,
http://www.researchtrend.net/,Research Trend,,
http://www.researchwebpub.org/,Research WebPub,,
http://www.researchjournali.com/index.php,Researchjournali,,
http://revistas-academicas.com/,Revistas Academicas,,
http://www.revotechpress.com/,Revotech Press,,
http://www.rgsociety.org/,RG Education Society,RG Journals of Scientific Research,
http://www.risingvision.org/index.html,Rising Vision,RV,
http://rossscience.org/index.php,Ross Science Publishers,,
http://rspublication.com/,RS Publication,,
http://www.rutveg.com/,"Rutveg Publishing, Inc.",,
http://researchworld.org/,ResearchWorld,RW,
http://www.sachajournals.com/,Sacha And Diamond Academic Publishers,,
http://www.jicep.com/?page=aboutsageya,Sageya Publishers,,
http://www.sadgurupublications.com/ContactUs.aspx,Sadguru Publications,,
http://www.saiompublications.com/,Sai Om Publications,,
http://sphinxsai.com/index.htm,Sai Scientific Communications,,
http://www.ijplsjournal.com/index.html,Sakun Publishing House,SPH,
http://www.samanmjournals.org/,SAMANM Group of Research Publications,SGRP,
http://sispress.org/,Sanford Inter Science Press,,
http://www.sansgroup.org/,Sans Publishing Group,,
http://www.sapientpress.com/index.html,Sapient Press,,
http://savantjournals.org/,Savant Journals,,
http://www.journals.savap.org.pk/,SAVAP International,,
http://savvysciencepublisher.com/,Savvy Science Publisher,,
http://www.scholarjournals.org/,Scholar Journals [Link dead as of 2013-04-20],,
http://scholarpeople.org/,Scholar People,,
http://www.scholarpublications.in/index.html,Scholar Publications,,
http://www.ssjournals.com/,Scholar Science Journals,,
http://www.scholarena.com/,ScholArena,,
http://scholarlinkresearch.com/,Scholarlink Resource Centre Limited,,
http://www.sarjournals.org/index.html,Scholarly and Academic Research Journals,SARJ,
http://scholarly-journals.com/index.htm,Scholarly Journals,,
http://www.srjis.com/,Scholarly Research Journal’s,,
http://www.srpublishers.org/,Scholarly Research Publisher,,
http://saspublisher.com/,Scholars Academic and Scientific Publishers,SAS Publishers,
http://www.scischolars.com/,Scholars Scitech Research,,
http://scholarsmepub.com/,Scholars Middle East Publishers,,
http://scholarsresearchlibrary.com/,Scholars Research Library,,
http://www.scholarshub.net/,ScholarsHub.net,,
http://thescholedge.org/,Scholedge R&D Center,,
http://www.scholink.org/Home.html,Scholink,,
http://www.scholoxy.org/open-access-journals.php,Scholoxy Publications,,
http://www.sci-africpublishers.org/,Sci-Afric Publishers,,
http://sci-edit.net/journal/,Sci-Edit Publications,,
http://sciforschenonline.org/,Sci Forschen,,
http://scidoc.org/index.php,SciDoc Publishers,,
http://sciedu.ca/web/,Sciedu Press,,
http://www.sersc.org/,Science & Engineering Research Support soCiety,SERSC,
http://scik.org/,Science & Knowledge Publishing Corporation Limited,,
http://thesai.org/,The Science and Information Organization,SAI,
http://www.sandkrs.com/index-2.html,Science and Knowledge Research Society,S & K Research Society,
http://www.sciacademypublisher.com/,Science Academy Publisher,,
http://scialert.net/index.php,Science Alert,,
http://www.todayscience.org/,Science and Education Centre of North America,,
http://www.sciepub.com/portal/Home,Science and Education,SciEP sciepub.com,
http://www.seipub.org/,Science and Engineering Publishing Company,,
http://scitechc.com/index.php/index,Science and Technology Central,,
http://www.scitecpub.com/,Science and Technology Publishing,,
http://sciarena.com/MWP/,Science Arena Publications,,
http://www.ejournalnet.com/,Science Education Foundation,,
http://explorerpub.com/en/,Science Explorer Publications,explorerpub.com,
http://www.sciencefairopenlib.com/index.html,Science Fair Open Library,SFOL,
http://scienceflora.org/,ScienceFlora,,
http://scihub.org/,Science Huβ,,
http://www.sciipub.com/,Science Instinct Publications,,
http://www.sjpub.org/,Science Journal Publication,SJP,
http://scienceparkjournals.com/,Science Park Journals,,
http://www.sproc.org/index.htm,Science Park Research Organization and Counseling,SPROC,
http://www.thescipub.com/,Science Publications,,
http://www.sciencepublication.org/,Science Publications,,
http://thesciencepublishers.com/,Science Publishers,TSP,
http://www.sciencepubco.com/,Science Publishing Corporation,,
http://www.sciencepublishinggroup.com/home/index.aspx,Science Publishing Group,,
http://www.scienceq.org/,Science Q Publishing Group,,
http://www.sciencerecord.com/,Science Record Journals,,
http://www.scirea.org/,Science Research Association,SCIREA,
http://www.scienceresearchlibrary.com/,Science Research Library,SRL,
http://sciencesights.com/j/home.php?x=0,Science Sights,,
http://www.ss-pub.org/,Science Signpost Publishing Inc.,SSPub,
http://www.sciencetarget.com/,Science Target,,
http://www.sciencewebpublishing.net/,Science Web Publishing,Scienceweb Publishing,
http://www.sciencedomain.org/,ScienceDomain International,,
http://www.sciencedomains.org/,ScienceDomain International [alt],,
http://www.science-line.com/index/,Scienceline Publications,,
http://www.sciencesolve.com/,ScienceSolve,,
http://www.scenrp.com/,Sciences & Engineering Research Publication,,
http://www.sciencescript.org/,ScienceScript,,
http://www.scienpress.com/Default.asp,Scienpress Ltd.,,
http://sciencevier.com/,Sciencevier,,
http://scientonline.org/,Scient Open Access,,
http://www.sci-en-tech.com/index.html,ScienTech Publisher,,
http://scientiaricerca.com/,Scientia Ricerca,,
http://www.scientiasocialis.lt/?q=node/5,Scientia Socialis,,
http://www.sapub.org/journal/index.aspx,Scientific & Academic Publishing,,
http://www.scientificadvances.co.in/,Scientific Advances Publishers,,
http://www.sapub.org/journal/index.aspx,Scientific & Academic Publishing,SAP,
http://ase-scoop.org/journals.html,Scientific Cooperations,,
http://scientificfederation.com/index.php,Scientific Federation,SciFed,
http://scientificfuturegroup.com/,Scientific Future,,
http://www.siats.co.uk/,Scientific Institute For Advanced Training and Studies,SIATS,
http://www.scientific-journals.co.uk/,Scientific Journals,,
http://www.scientificjournals.org/,Scientific Journals International,,
http://www.scientificliterature.org/,Scientific Literature,,
http://www.scipublish.com/,Scientific Online Publishing,,
http://www.scientificoajournals.org/index.php,Scientific Open Access Journals,SOAJ,
http://thescientificpages.org/,The Scientific Pages,,
http://waprogramming.com/index.php,Scientific Perspectives Publishing,Scipers,
http://www.sciencebeingjournal.com/,Scientific Planet,,
http://sciplatform.com/journals/index.php/index/index,Scientific Platform Online Journals,,
http://scigatejournals.com/publications/,Scientific Research Gate,,
http://www.scirp.org/,Scientific Research Publishing,SCIRP,
http://scientifictimes.org/index.html,Scientific Times,,
http://www.scientificviewers.com/,Scientific Viewers,,
http://www.scientificwebjournals.com/,ScientificWebJournals,SWJ,
http://sciforschenonline.org/,Sci Forschen,,
http://www.scigmoid.com/index.php,Scigmoid,,
http://www.sciknow.org/,Sciknow,,
http://www.scinzer.com/,Scinzer Scientific Publications,,
http://www.scipress.com/,SciPress Ltd,,
http://scireslit.com/index.php,SciRes Literature,,
http://scirexonline.com/,SciRex,,
http://scitecresearch.com/,SCITECH,,
http://www.thescitechpub.com/publishers/index.aspx,SciTech Publishers,,
http://scitechz.com/index.html,Scitechz,,
http://scitechnol.com/,SciTechnol,,
http://scottishjournal.co.uk/,ScottishGroup Education and Testing Services,,
http://www.scribesguildjournals.org/journals.html,Scribes Guild,,
http://seahipaj.org/,SEAHI Publications & Academic Journals,SEAHI PAJ,
http://www.segmentjournals.com/,Segment Journals,,
http://www.seitejournals.com/,Seitejournals,,
http://www.serialsjournals.com/,Serials Publications Pvt Ltd,,
http://www.setscholars.org/,SETScholars,,
http://www.internationaljournalssrg.org/index.html,Seventh Sense Research Group Journals,,
http://www.sphert.org/,Shri Param Hans Education & Research Foundation Trust,,
http://www.siftdesk.org/,Sift Desk,,
http://significsonline.com/,Significs Online Publishing,,
http://signpostejournals.com/ejournals/Home.aspx,Signpost e Journals,,
http://www.svpublishers.co.uk/,Silicon Valley Publishers,,
http://iaaet.org/sjsr/index.html,Singaporean Journals,,
http://sjournals.com/,SJournals,,
http://www.skyjournals.org/index.htm,Sky Journals,,
http://www.skaponline.com/,Slovakia Academic Publishing,SVAP,
http://smjournals.com/,SM Group,SM Online Publishers,
http://www.smartscitech.com/,Smart Science & Technology,,
http://smatpub.com/Journals.php,SmatPub,,
http://www.ijsscr.com/contact.html,Smile Nation – Lets Smile Together,,
http://smithandfranklin.com/,Smith & Franklin Academic Publishing Corporation,,
http://www.sasjournals.com/,Society for Advancement of Sciences,,
http://scholarpublishing.org/index.php/index,Society for Science and Education United Kingdom,SSE-UK also called,
http://scholarpublishing.org/sse/,Society for Science and Education,,
http://scienceandnature.org/index.php,Society for Science and Nature,,
https://www.sbrconferences.com/,Society of Business Research,,
http://sdiwc.net/,Society of Digital Information and Wireless Communications,SDIWC,
http://soeagra.com/,Society of Education,,
http://www.sestindia.org/,Society of Engineering Science and Technology,SEST India,
http://www.e-journaldirect.com/index.php,Sons and Daughters Publishing House/SDPHI/E-JOURNALDIRECT,,
http://www.researchsource.org/home,"Source,",,
http://sourcejournals.com/,Source Journals,,
http://www.saarj.com/index.html,South Asian Academic Research Journals,,
http://www.sciencej.com/submit.html,Southern Cross Publishing Group,,
http://foundationspeak.com/,Speak Foundation,,
http://www.spiri.org/,SPIRI The Global Research,,
http://www.springcityculture.com/,Spring City Culture International Group Pte Ltd.,,
http://www.spring-city.org/,Spring City Culture International Group Pte Ltd. [alt],,
http://springpublishing.org/index.php/index/index,Spring International S&T Publishing Media Co.,Spring Media Publishing,
http://www.springjournals.net/,Spring Journals,,
http://www.springwoodpublication.com.au/,Springwood Publishing Corporation,,
http://www.sprintjournals.com/,Sprint Journals,,
http://skirec.org/index,Sri Krishna International Research & Educational Consortium,SKIREC,
http://www.sspublications.co.in/,SS Publications,,
http://www.annemary.org/publication,St. Anne Mary Publication,,
http://www.standardglobaljournals.com/index.html,Standard Global Journals,,
http://www.thesij.com/,The Standard International Journals,,
http://standardresearchjournals.org/,Standard Research Journals,,
http://statperson.com/,Statperson Publishing Corporation,,
http://www.stmconnect.com/,STM Connect,,
http://streemjournals.org/,Streem Journal,,
http://www.stringeropen.com/,Stringer Open,,
https://scholarlyoa.wordpress.com/wp-admin/www.suryanshpublications.inf,Suryansh Publications,,
http://www.sustsci.org/,Sustainable Scientific Publisher,,
http://www.svpublication.com/#,SV Publication,,
http://www.swanopen.com/,Swan Open,,
http://swedishscientificpublications.com/,Swedish Scientific Publications,,
http://www.swiftjournals.org/,Swift Journals,,
http://www.swissjournals.org/,Swiss Journals,,
http://symbiosisonlinepublishing.com/index.php,Symbiosis,Symbiosis Online Publishing,
http://www.synchropublisher.com/,Synchro Publisher,,
http://www.synergypublishers.com/,Synergy Publishers,,
http://tands-journal-publications.com/,T&S Journal PUblications,,
http://www.tafpublications.com/platform,TAF Publishing,,
http://journal.medsys-site.com/,Takayama Publishing Group,,
http://takshila.org/,Takshila,,
http://www.taraksh.org/index.htm,Taraksh Journals,,
http://www.techmindresearch.com/index.php?page=index,Techmind Research,,
http://www.technicaljournalsonline.com/index.html,Technical Journals Online,,
http://technoparkpublications.com/,Technopark Publications,,
http://technoscienceacademy.com/,Techno Science Academy,,
http://www.terminaljournals.org/,Terminal Journals,,
http://www.textroad.com/,Textroad Journals,,
http://www.thalespublisher.com/,Thales Academic Publisher,,
http://www.thavan.org/,Thavan E ACT International Journals,,
http://theticjour.in/,Thetic Journals,,
http://www.trpubonline.com/index.php,Thomson & Ryberg Publications,,
http://waprogramming.com/,TI Journals,,
http://www.timejournals.org/,Time Journals,,
http://timelinepublication.com/,Timeline Publication Pvt. Ltd.,,
http://www.tlepub.org/en/,TLEP Journals,The Leading Edge Journal Publication Company,
http://tomaspubs.com/,Tomas Publishing,,
http://www.topclassglobaljournals.org/,Topclass Global Journals,,
http://www.tsijournals.com/,"Trade Science, Inc",,
http://www.tjprc.org/index.php,Trans Stellar,Transstellar,
http://www.tsest.org/,Transaction Series on Engineering Sciences and Technologies,,
http://icjpublishers.org/index.php,Transcontinental Publishers,,
http://universalresearchjournals.org/,Transnational Research Journals,formerly Universal Research Journals,
https://sites.google.com/a/tspublications.org/tspublications/home,TSPublications [Link dead as of 2013-08-23],,
http://www.challengejournal.com/,Tulpar Academic Publishing,,
http://usspress.com/,U.S. Science Press,,
http://www.uhedergisi.com/?sayfa=icerik&tur=icerik&kategori=diger-dergilerimiz&icerik=diger-dergilerimiz  Uluslararası Hakemli İletişim ve Edebiyat Araştırmaları Dergisi UHIVE,,,
http://www.uhedergisi.com/,Uluslararası Hakemli İletişim ve Edebiyat Araştırmaları Dergisi [alt] UHIVE,,
http://ulster-press.uk/,Ulster Press,,
http://unifiedjournals.org/,Unified Journals,,
http://www.ujconline.net/,Unique Journals Communication,UJC,
http://www.uniqueresearchjournals.com/index.htm,Unique Research Journals,,
http://www.unitedscholars.net/home.html,United Scholars Publications,,
http://unitedscientificgroup.com/,United Scientific Group,,
http://uacee.org/,Universal Association of Computer and Electronics Engineers,UACEE,
http://uamae.org/,Universal Association of Mechanical and Aeronautical Engineers,UAMAE,
http://www.upro.org.in/,Universal Publishing & Research Organization,UPRO,
http://universalrg.org/index.aspx,Universal Research Group,,
http://urpjournals.com/contactus.php,Universal Research Publications,,
http://www.usp-pl.com/,Universe Scientific Publishing,,
http://www.universitypublications.net/index.html,UniversityPublications.net,,
http://7universum.com/en/,Universum Scientific Journals,Научные журналы Universum,
http://sibac.info/universum,Universum Scientific Journals,Научные журналы Universum [alt],
http://www.uptodateresearchpublication.com/,Uptodate Research Publication,,
http://www.urojournals.com/,URO Journals,,
http://usnsj.com/index.php/index/index,USN Scientific Journal,,
http://valleyinternational.net/index.php,Valley International Journals,,
http://www.vbripress.com/,VBRI Press,,
http://verizonaonlinepublishing.com/,Verizona Publisher,VZP,
http://www.vipoa.org/,Vernon Innovative Publishers,"Vernon, VIPOA, Vernon Open Access",
http://vibgyorpublishers.org/main/index.php,VIBGYOR Online Publishers,,
http://victorquestpub.com/,Victorquest Publications [company dissolved],,
http://vidyapublications.com/home.php,Vidya Publications,,
http://www.vfast.org/,Virtual Foundation for Advancement of Science and Technology,VFAST,
http://www.vnmpublication.com/Journal.htm,VNMPublication,,
http://vowscientificquest.com/,Vow Scientific Quest,,
http://www.vrjpublishers.com/index.php/index/index,VRJ Publishers,,
http://www.vsrdjournals.com/,SRD International Journals,,
http://www.watchpub.org/index.htm,Watch Plus,,
http://webcrawlerjournals.org/,Webcrawler Journals,,
http://www.sospublication.co.in/index.php,We-Together to Save Yourself Society,,
http://weberpub.org/,Wesley & Eber Publishing,,
http://www.westeastinstitute.com/,West East Institute,,
http://world-food.net/,WFL Publisher,,
http://whitesscience.com/,Whites Science,,
http://www.whioce.com/,Whioce Publishing Pte. Ltd.,,
http://www.wiloludjournal.com/page.php?3,Wilolud Journals,,
http://wireilla.com/,Wireilla Scientific Publications,,
http://www.witpress.com/,WIT Press,,
https://www.woarjournals.org/,WOAR Journals,World Organization of Academic Research,
http://wajbas.webs.com/,World Academic Journal of Business & Applied Sciences,WAJBAS Publishing [Publisher],
http://www.academicpub.org/,World Academic Publishing,,
http://www.worldacademicresearchjournals.org/,World Academic Research Journals,WARJ,
http://www.worldacademicunion.com/default.html,World Academic Union,,
http://www.warponline.org/,World Academy of Research and Publication,,
http://warse.org/,World Academy of Research in Science and Engineering,WARSE,
http://www.wastinc.us/,World Academy of Science and Technology,WAST,
http://www.waset.org/publications.php,"World Academy of Science, Engineering and Technology",WASET,
http://www.wbiworld.org/,World Business Institute,,
http://www.wassco.org/,World Business Institute [alt],,
http://www.wjp.co.in/,World Journal of Publisher,WJP,
http://www.wjoaa.org/,World Journals of Academic Advances,,
http://www.woaj.org/,World Open Access Journals,,
http://worldresearchjournals.com/,World Research Journals,,
http://worldresearchlibrary.org/journal.php,World Research Library,,
http://www.wrpjournals.com/,World Research Publications,,
http://wscholars.com/,World Scholars,,
http://www.wsrpublishing.com/index.php/wsrp,World Science and Research Publishing,WSRP,
http://www.worldsciencepublisher.org/index.php,World Science Publisher,,
http://www.wsrjournals.org/,World Science Research Journals,WSR Journals,
http://www.wseas.org/,World Scientific and Engineering Academy and Society,WSEAS,
http://standard.org/,World Standard Organization,,
http://www.worldwidejournals.com/,World Wide Journals,Sara Book Publication,
http://www.wudpeckerresearchjournals.org/,Wudpecker Research Journals,,
http://www.wynoacademicjournals.org/index.html,Wyno Academic Journals,,
http://www.wyvernpublishinggroup.com/,Wyvern Publishing Group,,
http://www.xandhpublishing.com/Default.aspx?sid=1,Xia & He Publishing,,
http://www.xiahepublishing.com/,Xia & He Publishing [alt],,
http://journal.yloop.com/,Yellow Loop Journal,,
http://zantworldpress.com/,Zant World Press,,
http://zealscienza.com/zealscienza/,Zeal Scienza Realm of Erudition,,
http://www.zealscijournals.com/index.html,ZealSci Journals,,
http://www.zeetarz.com/,Zeetarz Group Publishing,,
http://www.zenithresearch.org.in/,Zenith International Research and Academic Foundation,ZIRAF,
http://ziaworldpress.com/,Zia World Press,,
http://www.zolcat.com/,ZolCat Academic House,,
http://www.ztjournals.com/,Zt-Journals,,
http://zygoscient.org/,Zygoscient,,